4a94f595c631c75c7f459fc0e483862c9d4ea8f25f345b8c123e56771d0fd4a1,1000000000000000000000000
bob.testnet,2000000000000000000000000
71d8f595c631c75c7f459fc0e483862c9d4ea8f25f345b8c123e56771d0fd123,2000000000000000000000000
carol.testnet,1500000000000000000000000
9ab4f595c631c75c7f459fc0e483862c9d4ea8f25f345b8c123e56771d0fd456,1500000000000000000000000
dave.testnet,3000000000000000000000000
c1e4f595c631c75c7f459fc0e483862c9d4ea8f25f345b8c123e56771d0fd789,3000000000000000000000000
eve.testnet,2500000000000000000000000
f234f595c631c75c7f459fc0e483862c9d4ea8f25f345b8c123e56771d0fdabc,2500000000000000000000000
frank.testnet,1750000000000000000000000
2b94f595c631c75c7f459fc0e483862c9d4ea8f25f345b8c123e56771d0fd4b2,1750000000000000000000000
grace.testnet,2250000000000000000000000
5cd4f595c631c75c7f459fc0e483862c9d4ea8f25f345b8c123e56771d0fd234,2250000000000000000000000
henry.testnet,1250000000000000000000000
8ef4f595c631c75c7f459fc0e483862c9d4ea8f25f345b8c123e56771d0fd567,1250000000000000000000000
ian.testnet,2750000000000000000000000
b124f595c631c75c7f459fc0e483862c9d4ea8f25f345b8c123e56771d0fd89a,2750000000000000000000000
james.testnet,1850000000000000000000000
e354f595c631c75c7f459fc0e483862c9d4ea8f25f345b8c123e56771d0fdbcd,1850000000000000000000000
karen.testnet,1950000000000000000000000
a1b2f595c631c75c7f459fc0e483862c9d4ea8f25f345b8c123e56771d0fd111,1950000000000000000000000
larry.testnet,2150000000000000000000000
c3d4f595c631c75c7f459fc0e483862c9d4ea8f25f345b8c123e56771d0fd222,2150000000000000000000000
mary.testnet,1650000000000000000000000
e5f6f595c631c75c7f459fc0e483862c9d4ea8f25f345b8c123e56771d0fd333,1650000000000000000000000
nancy.testnet,2850000000000000000000000
1234f595c631c75c7f459fc0e483862c9d4ea8f25f345b8c123e56771d0fd444,2850000000000000000000000
oscar.testnet,1450000000000000000000000
5678f595c631c75c7f459fc0e483862c9d4ea8f25f345b8c123e56771d0fd555,1450000000000000000000000
pat.testnet,2650000000000000000000000
9abcf595c631c75c7f459fc0e483862c9d4ea8f25f345b8c123e56771d0fd666,2650000000000000000000000
quinn.testnet,1550000000000000000000000
def0f595c631c75c7f459fc0e483862c9d4ea8f25f345b8c123e56771d0fd777,1550000000000000000000000
rachel.testnet,2450000000000000000000000
1a2bf595c631c75c7f459fc0e483862c9d4ea8f25f345b8c123e56771d0fd888,2450000000000000000000000
steve.testnet,1350000000000000000000000
3c4df595c631c75c7f459fc0e483862c9d4ea8f25f345b8c123e56771d0fd999,1350000000000000000000000
tina.testnet,2950000000000000000000000
5e6ff595c631c75c7f459fc0e483862c9d4ea8f25f345b8c123e56771d0fdaaa,2950000000000000000000000
uma.testnet,1150000000000000000000000
7g8hf595c631c75c7f459fc0e483862c9d4ea8f25f345b8c123e56771d0fdbbb,1150000000000000000000000
victor.testnet,2350000000000000000000000
9i0jf595c631c75c7f459fc0e483862c9d4ea8f25f345b8c123e56771d0fdccc,2350000000000000000000000
wendy.testnet,1750000000000000000000000
1k2lf595c631c75c7f459fc0e483862c9d4ea8f25f345b8c123e56771d0fdddd,1750000000000000000000000
xavier.testnet,2550000000000000000000000
3m4nf595c631c75c7f459fc0e483862c9d4ea8f25f345b8c123e56771d0fdeee,2550000000000000000000000
yolanda.testnet,1850000000000000000000000
5o6pf595c631c75c7f459fc0e483862c9d4ea8f25f345b8c123e56771d0fdfff,1850000000000000000000000
zack.testnet,2150000000000000000000000
7q8rf595c631c75c7f459fc0e483862c9d4ea8f25f345b8c123e56771d0fd000,2150000000000000000000000
amy2.testnet,1950000000000000000000000
9s0tf595c631c75c7f459fc0e483862c9d4ea8f25f345b8c123e56771d0fd111,1950000000000000000000000
ben2.testnet,2750000000000000000000000
1u2vf595c631c75c7f459fc0e483862c9d4ea8f25f345b8c123e56771d0fd222,2750000000000000000000000
cody2.testnet,1650000000000000000000000
3w4xf595c631c75c7f459fc0e483862c9d4ea8f25f345b8c123e56771d0fd333,1650000000000000000000000
dana2.testnet,2850000000000000000000000
5y6zf595c631c75c7f459fc0e483862c9d4ea8f25f345b8c123e56771d0fd444,2850000000000000000000000
eric2.testnet,1450000000000000000000000
7a8bf595c631c75c7f459fc0e483862c9d4ea8f25f345b8c123e56771d0fd555,1450000000000000000000000
frank2.testnet,2650000000000000000000000
9c0df595c631c75c7f459fc0e483862c9d4ea8f25f345b8c123e56771d0fd666,2650000000000000000000000
grace2.testnet,1550000000000000000000000
1e2ff595c631c75c7f459fc0e483862c9d4ea8f25f345b8c123e56771d0fd777,1550000000000000000000000
henry2.testnet,2450000000000000000000000
3g4hf595c631c75c7f459fc0e483862c9d4ea8f25f345b8c123e56771d0fd888,2450000000000000000000000
ian2.testnet,1350000000000000000000000
5i6jf595c631c75c7f459fc0e483862c9d4ea8f25f345b8c123e56771d0fd999,1350000000000000000000000
james2.testnet,2950000000000000000000000
7k8lf595c631c75c7f459fc0e483862c9d4ea8f25f345b8c123e56771d0fdaaa,2950000000000000000000000
karen2.testnet,1150000000000000000000000
9m0nf595c631c75c7f459fc0e483862c9d4ea8f25f345b8c123e56771d0fdbbb,1150000000000000000000000
larry2.testnet,2350000000000000000000000
1o2pf595c631c75c7f459fc0e483862c9d4ea8f25f345b8c123e56771d0fdccc,2350000000000000000000000
mary2.testnet,1750000000000000000000000
3q4rf595c631c75c7f459fc0e483862c9d4ea8f25f345b8c123e56771d0fdddd,1750000000000000000000000
nancy2.testnet,2550000000000000000000000
5s6tf595c631c75c7f459fc0e483862c9d4ea8f25f345b8c123e56771d0fdeee,2550000000000000000000000
oscar2.testnet,1850000000000000000000000
7u8vf595c631c75c7f459fc0e483862c9d4ea8f25f345b8c123e56771d0fdfff,1850000000000000000000000
pat2.testnet,2150000000000000000000000
9w0xf595c631c75c7f459fc0e483862c9d4ea8f25f345b8c123e56771d0fd000,2150000000000000000000000
quinn2.testnet,1950000000000000000000000
1y2zf595c631c75c7f459fc0e483862c9d4ea8f25f345b8c123e56771d0fd111,1950000000000000000000000
rachel2.testnet,2750000000000000000000000
3a4bf595c631c75c7f459fc0e483862c9d4ea8f25f345b8c123e56771d0fd222,2750000000000000000000000
steve2.testnet,1650000000000000000000000
5c6df595c631c75c7f459fc0e483862c9d4ea8f25f345b8c123e56771d0fd333,1650000000000000000000000
tina2.testnet,2850000000000000000000000
7e8ff595c631c75c7f459fc0e483862c9d4ea8f25f345b8c123e56771d0fd444,2850000000000000000000000
uma2.testnet,1450000000000000000000000
9g0hf595c631c75c7f459fc0e483862c9d4ea8f25f345b8c123e56771d0fd555,1450000000000000000000000
victor2.testnet,2650000000000000000000000
1i2jf595c631c75c7f459fc0e483862c9d4ea8f25f345b8c123e56771d0fd666,2650000000000000000000000
wendy2.testnet,1550000000000000000000000
3k4lf595c631c75c7f459fc0e483862c9d4ea8f25f345b8c123e56771d0fd777,1550000000000000000000000
xavier2.testnet,2450000000000000000000000
5m6nf595c631c75c7f459fc0e483862c9d4ea8f25f345b8c123e56771d0fd888,2450000000000000000000000
yolanda2.testnet,1350000000000000000000000
7o8pf595c631c75c7f459fc0e483862c9d4ea8f25f345b8c123e56771d0fd999,1350000000000000000000000
zack2.testnet,2950000000000000000000000
9q0rf595c631c75c7f459fc0e483862c9d4ea8f25f345b8c123e56771d0fdaaa,2950000000000000000000000
amy3.testnet,1150000000000000000000000
1s2tf595c631c75c7f459fc0e483862c9d4ea8f25f345b8c123e56771d0fdbbb,1150000000000000000000000
ben3.testnet,2350000000000000000000000
3u4vf595c631c75c7f459fc0e483862c9d4ea8f25f345b8c123e56771d0fdccc,2350000000000000000000000
cody3.testnet,1750000000000000000000000
5w6xf595c631c75c7f459fc0e483862c9d4ea8f25f345b8c123e56771d0fdddd,1750000000000000000000000
dana3.testnet,2550000000000000000000000
7y8zf595c631c75c7f459fc0e483862c9d4ea8f25f345b8c123e56771d0fdeee,2550000000000000000000000
eric3.testnet,1850000000000000000000000
9a0bf595c631c75c7f459fc0e483862c9d4ea8f25f345b8c123e56771d0fdfff,1850000000000000000000000
frank3.testnet,2150000000000000000000000
1c2df595c631c75c7f459fc0e483862c9d4ea8f25f345b8c123e56771d0fd000,2150000000000000000000000
grace3.testnet,1950000000000000000000000
3e4ff595c631c75c7f459fc0e483862c9d4ea8f25f345b8c123e56771d0fd111,1950000000000000000000000
henry3.testnet,2750000000000000000000000
5g6hf595c631c75c7f459fc0e483862c9d4ea8f25f345b8c123e56771d0fd222,2750000000000000000000000
ian3.testnet,1650000000000000000000000
7i8jf595c631c75c7f459fc0e483862c9d4ea8f25f345b8c123e56771d0fd333,1650000000000000000000000
james3.testnet,2850000000000000000000000
9k0lf595c631c75c7f459fc0e483862c9d4ea8f25f345b8c123e56771d0fd444,2850000000000000000000000
karen3.testnet,1450000000000000000000000
1m2nf595c631c75c7f459fc0e483862c9d4ea8f25f345b8c123e56771d0fd555,1450000000000000000000000
larry3.testnet,2650000000000000000000000
3o4pf595c631c75c7f459fc0e483862c9d4ea8f25f345b8c123e56771d0fd666,2650000000000000000000000
mary3.testnet,1550000000000000000000000
5q6rf595c631c75c7f459fc0e483862c9d4ea8f25f345b8c123e56771d0fd777,1550000000000000000000000
nancy3.testnet,2450000000000000000000000
7s8tf595c631c75c7f459fc0e483862c9d4ea8f25f345b8c123e56771d0fd888,2450000000000000000000000
oscar3.testnet,1350000000000000000000000
9u0vf595c631c75c7f459fc0e483862c9d4ea8f25f345b8c123e56771d0fd999,1350000000000000000000000
pat3.testnet,2950000000000000000000000
1w2xf595c631c75c7f459fc0e483862c9d4ea8f25f345b8c123e56771d0fdaaa,2950000000000000000000000
quinn3.testnet,1150000000000000000000000
3y4zf595c631c75c7f459fc0e483862c9d4ea8f25f345b8c123e56771d0fdbbb,1150000000000000000000000
rachel3.testnet,2350000000000000000000000
5a6bf595c631c75c7f459fc0e483862c9d4ea8f25f345b8c123e56771d0fdccc,2350000000000000000000000
sam3.testnet,1750000000000000000000000
7c8df595c631c75c7f459fc0e483862c9d4ea8f25f345b8c123e56771d0fdddd,1750000000000000000000000
tina3.testnet,2550000000000000000000000
9e0ff595c631c75c7f459fc0e483862c9d4ea8f25f345b8c123e56771d0fdeee,2550000000000000000000000
uma3.testnet,1850000000000000000000000
1g2hf595c631c75c7f459fc0e483862c9d4ea8f25f345b8c123e56771d0fdfff,1850000000000000000000000
victor3.testnet,2150000000000000000000000
3i4jf595c631c75c7f459fc0e483862c9d4ea8f25f345b8c123e56771d0fd000,2150000000000000000000000
wendy3.testnet,1950000000000000000000000
5k6lf595c631c75c7f459fc0e483862c9d4ea8f25f345b8c123e56771d0fd111,1950000000000000000000000
xavier3.testnet,2750000000000000000000000
7m8nf595c631c75c7f459fc0e483862c9d4ea8f25f345b8c123e56771d0fd222,2750000000000000000000000
yolanda3.testnet,1650000000000000000000000
9o0pf595c631c75c7f459fc0e483862c9d4ea8f25f345b8c123e56771d0fd333,1650000000000000000000000
zack3.testnet,2850000000000000000000000
1q2rf595c631c75c7f459fc0e483862c9d4ea8f25f345b8c123e56771d0fd444,2850000000000000000000000
alice4.testnet,1450000000000000000000000
3s4tf595c631c75c7f459fc0e483862c9d4ea8f25f345b8c123e56771d0fd555,1450000000000000000000000
bob4.testnet,2650000000000000000000000
5u6vf595c631c75c7f459fc0e483862c9d4ea8f25f345b8c123e56771d0fd666,2650000000000000000000000
carol4.testnet,1550000000000000000000000
7w8xf595c631c75c7f459fc0e483862c9d4ea8f25f345b8c123e56771d0fd777,1550000000000000000000000
dave4.testnet,2450000000000000000000000
9y0zf595c631c75c7f459fc0e483862c9d4ea8f25f345b8c123e56771d0fd888,2450000000000000000000000
eve4.testnet,1350000000000000000000000
1a2bf595c631c75c7f459fc0e483862c9d4ea8f25f345b8c123e56771d0fd999,1350000000000000000000000
frank4.testnet,2950000000000000000000000
3c4df595c631c75c7f459fc0e483862c9d4ea8f25f345b8c123e56771d0fdaaa,2950000000000000000000000
grace4.testnet,1150000000000000000000000
5e6ff595c631c75c7f459fc0e483862c9d4ea8f25f345b8c123e56771d0fdbbb,1150000000000000000000000
henry4.testnet,2350000000000000000000000
7g8hf595c631c75c7f459fc0e483862c9d4ea8f25f345b8c123e56771d0fdccc,2350000000000000000000000
ian4.testnet,1750000000000000000000000
9i0jf595c631c75c7f459fc0e483862c9d4ea8f25f345b8c123e56771d0fdddd,1750000000000000000000000
james4.testnet,2550000000000000000000000
1k2lf595c631c75c7f459fc0e483862c9d4ea8f25f345b8c123e56771d0fdeee,2550000000000000000000000
karen4.testnet,1850000000000000000000000
3m4nf595c631c75c7f459fc0e483862c9d4ea8f25f345b8c123e56771d0fdfff,1850000000000000000000000
larry4.testnet,2150000000000000000000000
5o6pf595c631c75c7f459fc0e483862c9d4ea8f25f345b8c123e56771d0fd000,2150000000000000000000000
mary4.testnet,1950000000000000000000000
7q8rf595c631c75c7f459fc0e483862c9d4ea8f25f345b8c123e56771d0fd111,1950000000000000000000000
nancy4.testnet,2750000000000000000000000
9s0tf595c631c75c7f459fc0e483862c9d4ea8f25f345b8c123e56771d0fd222,2750000000000000000000000
oscar4.testnet,1650000000000000000000000
1u2vf595c631c75c7f459fc0e483862c9d4ea8f25f345b8c123e56771d0fd333,1650000000000000000000000
pat4.testnet,2850000000000000000000000
3w4xf595c631c75c7f459fc0e483862c9d4ea8f25f345b8c123e56771d0fd444,2850000000000000000000000
quinn4.testnet,1450000000000000000000000
5y6zf595c631c75c7f459fc0e483862c9d4ea8f25f345b8c123e56771d0fd555,1450000000000000000000000
rachel4.testnet,2650000000000000000000000
7a8bf595c631c75c7f459fc0e483862c9d4ea8f25f345b8c123e56771d0fd666,2650000000000000000000000
sam4.testnet,1550000000000000000000000
9c0df595c631c75c7f459fc0e483862c9d4ea8f25f345b8c123e56771d0fd777,1550000000000000000000000
tina4.testnet,2450000000000000000000000
1e2ff595c631c75c7f459fc0e483862c9d4ea8f25f345b8c123e56771d0fd888,2450000000000000000000000
uma4.testnet,1350000000000000000000000
3g4hf595c631c75c7f459fc0e483862c9d4ea8f25f345b8c123e56771d0fd999,1350000000000000000000000
victor4.testnet,2950000000000000000000000
5i6jf595c631c75c7f459fc0e483862c9d4ea8f25f345b8c123e56771d0fdaaa,2950000000000000000000000
wendy4.testnet,1150000000000000000000000
7k8lf595c631c75c7f459fc0e483862c9d4ea8f25f345b8c123e56771d0fdbbb,1150000000000000000000000
xavier4.testnet,2350000000000000000000000
9m0nf595c631c75c7f459fc0e483862c9d4ea8f25f345b8c123e56771d0fdccc,2350000000000000000000000
yolanda4.testnet,1750000000000000000000000
1o2pf595c631c75c7f459fc0e483862c9d4ea8f25f345b8c123e56771d0fdddd,1750000000000000000000000
zack4.testnet,2550000000000000000000000
3q4rf595c631c75c7f459fc0e483862c9d4ea8f25f345b8c123e56771d0fdeee,2550000000000000000000000
amy5.testnet,1850000000000000000000000
5s6tf595c631c75c7f459fc0e483862c9d4ea8f25f345b8c123e56771d0fdfff,1850000000000000000000000
ben5.testnet,2150000000000000000000000
7u8vf595c631c75c7f459fc0e483862c9d4ea8f25f345b8c123e56771d0fd000,2150000000000000000000000
carol5.testnet,1950000000000000000000000
9w0xf595c631c75c7f459fc0e483862c9d4ea8f25f345b8c123e56771d0fd111,1950000000000000000000000
dave5.testnet,2750000000000000000000000
1y2zf595c631c75c7f459fc0e483862c9d4ea8f25f345b8c123e56771d0fd222,2750000000000000000000000
eve5.testnet,1650000000000000000000000
3a4bf595c631c75c7f459fc0e483862c9d4ea8f25f345b8c123e56771d0fd333,1650000000000000000000000
frank5.testnet,2850000000000000000000000
5c6df595c631c75c7f459fc0e483862c9d4ea8f25f345b8c123e56771d0fd444,2850000000000000000000000
grace5.testnet,1450000000000000000000000
7e8ff595c631c75c7f459fc0e483862c9d4ea8f25f345b8c123e56771d0fd555,1450000000000000000000000
henry5.testnet,2650000000000000000000000
9g0hf595c631c75c7f459fc0e483862c9d4ea8f25f345b8c123e56771d0fd666,2650000000000000000000000
ian5.testnet,1550000000000000000000000
1i2jf595c631c75c7f459fc0e483862c9d4ea8f25f345b8c123e56771d0fd777,1550000000000000000000000
james5.testnet,2450000000000000000000000
3k4lf595c631c75c7f459fc0e483862c9d4ea8f25f345b8c123e56771d0fd888,2450000000000000000000000
karen5.testnet,1350000000000000000000000
5m6nf595c631c75c7f459fc0e483862c9d4ea8f25f345b8c123e56771d0fd999,1350000000000000000000000
larry5.testnet,2950000000000000000000000
7o8pf595c631c75c7f459fc0e483862c9d4ea8f25f345b8c123e56771d0fdaaa,2950000000000000000000000
mary5.testnet,1150000000000000000000000
9q0rf595c631c75c7f459fc0e483862c9d4ea8f25f345b8c123e56771d0fdbbb,1150000000000000000000000
nancy5.testnet,2350000000000000000000000
1s2tf595c631c75c7f459fc0e483862c9d4ea8f25f345b8c123e56771d0fdccc,2350000000000000000000000
oscar5.testnet,1750000000000000000000000
3u4vf595c631c75c7f459fc0e483862c9d4ea8f25f345b8c123e56771d0fdddd,1750000000000000000000000
pat5.testnet,2550000000000000000000000
5w6xf595c631c75c7f459fc0e483862c9d4ea8f25f345b8c123e56771d0fdeee,2550000000000000000000000
quinn5.testnet,1850000000000000000000000
7y8zf595c631c75c7f459fc0e483862c9d4ea8f25f345b8c123e56771d0fdfff,1850000000000000000000000
rachel5.testnet,2150000000000000000000000
9a0bf595c631c75c7f459fc0e483862c9d4ea8f25f345b8c123e56771d0fd000,2150000000000000000000000
sam5.testnet,1950000000000000000000000
1c2df595c631c75c7f459fc0e483862c9d4ea8f25f345b8c123e56771d0fd111,1950000000000000000000000
tina5.testnet,2750000000000000000000000
3e4ff595c631c75c7f459fc0e483862c9d4ea8f25f345b8c123e56771d0fd222,2750000000000000000000000
uma5.testnet,1650000000000000000000000
5g6hf595c631c75c7f459fc0e483862c9d4ea8f25f345b8c123e56771d0fd333,1650000000000000000000000
victor5.testnet,2850000000000000000000000
7i8jf595c631c75c7f459fc0e483862c9d4ea8f25f345b8c123e56771d0fd444,2850000000000000000000000
wendy5.testnet,1450000000000000000000000
9k0lf595c631c75c7f459fc0e483862c9d4ea8f25f345b8c123e56771d0fd555,1450000000000000000000000
xavier5.testnet,2650000000000000000000000
1m2nf595c631c75c7f459fc0e483862c9d4ea8f25f345b8c123e56771d0fd666,2650000000000000000000000
yolanda5.testnet,1550000000000000000000000
3o4pf595c631c75c7f459fc0e483862c9d4ea8f25f345b8c123e56771d0fd777,1550000000000000000000000
zack5.testnet,2450000000000000000000000
5q6rf595c631c75c7f459fc0e483862c9d4ea8f25f345b8c123e56771d0fd888,2450000000000000000000000
amy6.testnet,1350000000000000000000000
7s8tf595c631c75c7f459fc0e483862c9d4ea8f25f345b8c123e56771d0fd999,1350000000000000000000000
ben6.testnet,2950000000000000000000000
9u0vf595c631c75c7f459fc0e483862c9d4ea8f25f345b8c123e56771d0fdaaa,2950000000000000000000000
carol6.testnet,1150000000000000000000000
1w2xf595c631c75c7f459fc0e483862c9d4ea8f25f345b8c123e56771d0fdbbb,1150000000000000000000000
dave6.testnet,2350000000000000000000000
3y4zf595c631c75c7f459fc0e483862c9d4ea8f25f345b8c123e56771d0fdccc,2350000000000000000000000
eve6.testnet,1750000000000000000000000
5a6bf595c631c75c7f459fc0e483862c9d4ea8f25f345b8c123e56771d0fdddd,1750000000000000000000000
frank6.testnet,2550000000000000000000000
7c8df595c631c75c7f459fc0e483862c9d4ea8f25f345b8c123e56771d0fdeee,2550000000000000000000000
grace6.testnet,1850000000000000000000000
9e0ff595c631c75c7f459fc0e483862c9d4ea8f25f345b8c123e56771d0fdfff,1850000000000000000000000
henry6.testnet,2150000000000000000000000
1g2hf595c631c75c7f459fc0e483862c9d4ea8f25f345b8c123e56771d0fd000,2150000000000000000000000
ian6.testnet,1950000000000000000000000
3i4jf595c631c75c7f459fc0e483862c9d4ea8f25f345b8c123e56771d0fd111,1950000000000000000000000
james6.testnet,2750000000000000000000000
5k6lf595c631c75c7f459fc0e483862c9d4ea8f25f345b8c123e56771d0fd222,2750000000000000000000000
